{"train/loss": 1.7604, "train/grad_norm": 5.204234600067139, "train/learning_rate": 2e-05, "train/epoch": 0.03, "train/global_step": 240, "_timestamp": 1710410283.9085875, "_runtime": 3500.3065373897552, "_step": 59}